{"version": 1.2, "structure_shape": {"action": "(64, 15625, 3)", "done": "(64, 15625, 3)", "legal_action_mask": "(64, 15625, 3, 2)", "observation": "(64, 15625, 3, 12)", "reward": "(64, 15625, 3)"}, "structure_dtype": {"action": "int32", "done": "bool", "legal_action_mask": "bool", "observation": "float32", "reward": "float32"}, "arch": {"absolute_metric": true, "architecture_name": "anakin", "evaluation_greedy": false, "num_absolute_metric_eval_episodes": 320, "num_envs": 16, "num_eval_episodes": 32, "num_evaluation": 122}, "env": {"env_name": "jaxparty", "eval_metric": "episode_return", "implicit_agent_id": false, "kwargs": {"time_limit": 4000}, "log_win_rate": false, "scenario": {"env_kwargs": {}, "name": "JaxParty-v0", "task_config": {"time_limit": 4000}, "task_name": "p-base"}}, "logger": {"base_exp_path": "results", "checkpointing": {"load_args": {"checkpoint_uid": ""}, "load_model": false, "save_args": {"checkpoint_uid": null, "keep_period": 10, "max_to_keep": 1, "save_interval_steps": 1}, "save_model": true}, "kwargs": {"detailed_neptune_logging": false, "json_path": null, "neptune_project": "Instadeep/Mava", "neptune_tag": ["rware"], "upload_json_data": false}, "system_name": "ff_ippo", "use_console": true, "use_json": true, "use_neptune": false, "use_tb": false}, "network": {"actor_network": {"pre_torso": {"_target_": "mava.networks.torsos.MLPTorso", "activation": "relu", "layer_sizes": [128, 128], "use_layer_norm": false}}, "critic_network": {"pre_torso": {"_target_": "mava.networks.torsos.MLPTorso", "activation": "relu", "layer_sizes": [128, 128], "use_layer_norm": false}}}, "system": {"actor_lr": 0.00025, "add_agent_id": 1, "clip_eps": 0.2, "critic_lr": 0.00025, "decay_learning_rates": false, "ent_coef": 0.01, "gae_lambda": 0.95, "gamma": 0.99, "max_grad_norm": 0.5, "num_agents": 3, "num_minibatches": 2, "num_updates": 244, "num_updates_per_eval": 2, "ppo_epochs": 4, "rollout_length": 128, "seed": 42, "total_timesteps": 1000000, "update_batch_size": 2, "vf_coef": 0.5}}